role_id,achievement_id,achievement
1,1,Led a team of data scientists and analysts in developing cutting-edge machine learning models for predictive maintenance, resulting in a 30% reduction in maintenance costs.
1,2,Implemented a data-driven recommendation system that increased user engagement by 25%.
1,3,Spearheaded the adoption of advanced NLP techniques for sentiment analysis, improving customer feedback analysis by 40%.
2,1,Designed and deployed a fraud detection system using anomaly detection algorithms, reducing fraudulent transactions by 50%.
2,2,Developed a customer churn prediction model that decreased churn rates by 15%.
2,3,Presented findings at several industry conferences, becoming a recognized thought leader in the field.
3,1,Created a real-time recommendation engine that increased online sales by 20%.
3,2,Collaborated with the marketing team to optimize ad targeting, resulting in a 30% increase in click-through rates.
3,3,Implemented a data warehousing solution that improved data accessibility and reduced data retrieval time by 40%.
4,1,Conducted exploratory data analysis to identify cost-saving opportunities, leading to annual savings of $2 million.
4,2,Developed interactive data dashboards that empowered business stakeholders to make data-driven decisions.
4,3,Trained and mentored junior analysts in statistical analysis and data visualization techniques.
5,1,Assisted in data collection and preprocessing for machine learning projects.
5,2,Contributed to the development of a recommendation engine that attracted a major investment round.
5,3,Collaborated with cross-functional teams to integrate data-driven insights into product development.
