role_id,achievement
1,"Led a team of data scientists and analysts in developing cutting-edge machine learning models for predictive maintenance, resulting in a 30% reduction in maintenance costs."
1,Implemented a data-driven recommendation system that increased user engagement by 25%.
2,"Presented findings at several industry conferences, becoming a recognized thought leader in the field."
3,Implemented a data warehousing solution that improved data accessibility and reduced data retrieval time by 40%.
4,"Conducted exploratory data analysis to identify cost-saving opportunities, leading to annual savings of $2 million."
4,Developed interactive data dashboards that empowered business stakeholders to make data-driven decisions.
4,Trained and mentored junior analysts in statistical analysis and data visualization techniques.
5,Assisted in data collection and preprocessing for machine learning projects.
5,Contributed to the development of a recommendation engine that attracted a major investment round.
5,Collaborated with cross-functional teams to integrate data-driven insights into product development.
